title,month,value
Australia skill level 1,2006-01,64408
Australia skill level 2,2006-01,20115
Australia skill level 3,2006-01,27182
Australia skill level 4,2006-01,57278
Australia skill level 5,2006-01,44809
Australia skill level 1,2006-02,66032
Australia skill level 2,2006-02,20541
Australia skill level 3,2006-02,27205
Australia skill level 4,2006-02,57449
Australia skill level 5,2006-02,45039
Australia skill level 1,2006-03,67515
Australia skill level 2,2006-03,20959
Australia skill level 3,2006-03,27236
Australia skill level 4,2006-03,57717
Australia skill level 5,2006-03,45166
Australia skill level 1,2006-04,68859
Australia skill level 2,2006-04,21296
Australia skill level 3,2006-04,27215
Australia skill level 4,2006-04,57885
Australia skill level 5,2006-04,45082
Australia skill level 1,2006-05,69940
Australia skill level 2,2006-05,21500
Australia skill level 3,2006-05,27132
Australia skill level 4,2006-05,57969
Australia skill level 5,2006-05,44881
Australia skill level 1,2006-06,70854
Australia skill level 2,2006-06,21592
Australia skill level 3,2006-06,27026
Australia skill level 4,2006-06,58080
Australia skill level 5,2006-06,44792
Australia skill level 1,2006-07,71677
Australia skill level 2,2006-07,21727
Australia skill level 3,2006-07,26948
Australia skill level 4,2006-07,58390
Australia skill level 5,2006-07,45035
Australia skill level 1,2006-08,72518
Australia skill level 2,2006-08,22055
Australia skill level 3,2006-08,26964
Australia skill level 4,2006-08,59057
Australia skill level 5,2006-08,45611
Australia skill level 1,2006-09,73548
Australia skill level 2,2006-09,22494
Australia skill level 3,2006-09,27101
Australia skill level 4,2006-09,59898
Australia skill level 5,2006-09,46253
Australia skill level 1,2006-10,74944
Australia skill level 2,2006-10,23000
Australia skill level 3,2006-10,27359
Australia skill level 4,2006-10,60787
Australia skill level 5,2006-10,46773
Australia skill level 1,2006-11,76754
Australia skill level 2,2006-11,23620
Australia skill level 3,2006-11,27771
Australia skill level 4,2006-11,61742
Australia skill level 5,2006-11,47083
Australia skill level 1,2006-12,78998
Australia skill level 2,2006-12,24414
Australia skill level 3,2006-12,28367
Australia skill level 4,2006-12,62932
Australia skill level 5,2006-12,47397
Australia skill level 1,2007-01,81520
Australia skill level 2,2007-01,25423
Australia skill level 3,2007-01,29089
Australia skill level 4,2007-01,64563
Australia skill level 5,2007-01,47893
Australia skill level 1,2007-02,84049
Australia skill level 2,2007-02,26514
Australia skill level 3,2007-02,29857
Australia skill level 4,2007-02,66566
Australia skill level 5,2007-02,48581
Australia skill level 1,2007-03,86323
Australia skill level 2,2007-03,27407
Australia skill level 3,2007-03,30610
Australia skill level 4,2007-03,68455
Australia skill level 5,2007-03,49310
Australia skill level 1,2007-04,88161
Australia skill level 2,2007-04,27938
Australia skill level 3,2007-04,31319
Australia skill level 4,2007-04,69899
Australia skill level 5,2007-04,49919
Australia skill level 1,2007-05,89420
Australia skill level 2,2007-05,28217
Australia skill level 3,2007-05,31942
Australia skill level 4,2007-05,70980
Australia skill level 5,2007-05,50478
Australia skill level 1,2007-06,90177
Australia skill level 2,2007-06,28517
Australia skill level 3,2007-06,32433
Australia skill level 4,2007-06,72123
Australia skill level 5,2007-06,51224
Australia skill level 1,2007-07,90874
Australia skill level 2,2007-07,28934
Australia skill level 3,2007-07,32861
Australia skill level 4,2007-07,73369
Australia skill level 5,2007-07,51959
Australia skill level 1,2007-08,92004
Australia skill level 2,2007-08,29443
Australia skill level 3,2007-08,33296
Australia skill level 4,2007-08,74591
Australia skill level 5,2007-08,52406
Australia skill level 1,2007-09,93848
Australia skill level 2,2007-09,30109
Australia skill level 3,2007-09,33750
Australia skill level 4,2007-09,75685
Australia skill level 5,2007-09,52386
Australia skill level 1,2007-10,96317
Australia skill level 2,2007-10,30965
Australia skill level 3,2007-10,34173
Australia skill level 4,2007-10,76727
Australia skill level 5,2007-10,52104
Australia skill level 1,2007-11,99103
Australia skill level 2,2007-11,31982
Australia skill level 3,2007-11,34512
Australia skill level 4,2007-11,77618
Australia skill level 5,2007-11,51843
Australia skill level 1,2007-12,101831
Australia skill level 2,2007-12,32960
Australia skill level 3,2007-12,34756
Australia skill level 4,2007-12,78241
Australia skill level 5,2007-12,51765
Australia skill level 1,2008-01,104218
Australia skill level 2,2008-01,33641
Australia skill level 3,2008-01,34916
Australia skill level 4,2008-01,78443
Australia skill level 5,2008-01,51757
Australia skill level 1,2008-02,106080
Australia skill level 2,2008-02,33994
Australia skill level 3,2008-02,35001
Australia skill level 4,2008-02,78261
Australia skill level 5,2008-02,51631
Australia skill level 1,2008-03,107230
Australia skill level 2,2008-03,34162
Australia skill level 3,2008-03,34961
Australia skill level 4,2008-03,77817
Australia skill level 5,2008-03,51340
Australia skill level 1,2008-04,107570
Australia skill level 2,2008-04,34305
Australia skill level 3,2008-04,34741
Australia skill level 4,2008-04,77119
Australia skill level 5,2008-04,50878
Australia skill level 1,2008-05,107118
Australia skill level 2,2008-05,34350
Australia skill level 3,2008-05,34303
Australia skill level 4,2008-05,75763
Australia skill level 5,2008-05,50011
Australia skill level 1,2008-06,106034
Australia skill level 2,2008-06,33961
Australia skill level 3,2008-06,33631
Australia skill level 4,2008-06,73438
Australia skill level 5,2008-06,48646
Australia skill level 1,2008-07,104359
Australia skill level 2,2008-07,33072
Australia skill level 3,2008-07,32672
Australia skill level 4,2008-07,70294
Australia skill level 5,2008-07,46814
Australia skill level 1,2008-08,101911
Australia skill level 2,2008-08,31766
Australia skill level 3,2008-08,31424
Australia skill level 4,2008-08,66667
Australia skill level 5,2008-08,44566
Australia skill level 1,2008-09,98453
Australia skill level 2,2008-09,30225
Australia skill level 3,2008-09,29937
Australia skill level 4,2008-09,62777
Australia skill level 5,2008-09,42121
Australia skill level 1,2008-10,93862
Australia skill level 2,2008-10,28414
Australia skill level 3,2008-10,28284
Australia skill level 4,2008-10,58630
Australia skill level 5,2008-10,39636
Australia skill level 1,2008-11,88179
Australia skill level 2,2008-11,26210
Australia skill level 3,2008-11,26539
Australia skill level 4,2008-11,54400
Australia skill level 5,2008-11,37264
Australia skill level 1,2008-12,81576
Australia skill level 2,2008-12,23662
Australia skill level 3,2008-12,24774
Australia skill level 4,2008-12,50210
Australia skill level 5,2008-12,34952
Australia skill level 1,2009-01,74665
Australia skill level 2,2009-01,21076
Australia skill level 3,2009-01,23134
Australia skill level 4,2009-01,46404
Australia skill level 5,2009-01,32854
Australia skill level 1,2009-02,68290
Australia skill level 2,2009-02,18884
Australia skill level 3,2009-02,21741
Australia skill level 4,2009-02,43312
Australia skill level 5,2009-02,31042
Australia skill level 1,2009-03,63355
Australia skill level 2,2009-03,17438
Australia skill level 3,2009-03,20713
Australia skill level 4,2009-03,41059
Australia skill level 5,2009-03,29544
Australia skill level 1,2009-04,60367
Australia skill level 2,2009-04,16700
Australia skill level 3,2009-04,20089
Australia skill level 4,2009-04,39629
Australia skill level 5,2009-04,28404
Australia skill level 1,2009-05,59192
Australia skill level 2,2009-05,16490
Australia skill level 3,2009-05,19810
Australia skill level 4,2009-05,39022
Australia skill level 5,2009-05,27568
Australia skill level 1,2009-06,59101
Australia skill level 2,2009-06,16604
Australia skill level 3,2009-06,19794
Australia skill level 4,2009-06,39078
Australia skill level 5,2009-06,26844
Australia skill level 1,2009-07,59280
Australia skill level 2,2009-07,16898
Australia skill level 3,2009-07,19971
Australia skill level 4,2009-07,39456
Australia skill level 5,2009-07,26376
Australia skill level 1,2009-08,59280
Australia skill level 2,2009-08,17236
Australia skill level 3,2009-08,20314
Australia skill level 4,2009-08,39922
Australia skill level 5,2009-08,26458
Australia skill level 1,2009-09,59138
Australia skill level 2,2009-09,17519
Australia skill level 3,2009-09,20822
Australia skill level 4,2009-09,40432
Australia skill level 5,2009-09,27242
Australia skill level 1,2009-10,59025
Australia skill level 2,2009-10,17790
Australia skill level 3,2009-10,21455
Australia skill level 4,2009-10,41069
Australia skill level 5,2009-10,28515
Australia skill level 1,2009-11,59216
Australia skill level 2,2009-11,18184
Australia skill level 3,2009-11,22146
Australia skill level 4,2009-11,41854
Australia skill level 5,2009-11,29775
Australia skill level 1,2009-12,59984
Australia skill level 2,2009-12,18738
Australia skill level 3,2009-12,22819
Australia skill level 4,2009-12,42558
Australia skill level 5,2009-12,30458
Australia skill level 1,2010-01,61269
Australia skill level 2,2010-01,19423
Australia skill level 3,2010-01,23382
Australia skill level 4,2010-01,43000
Australia skill level 5,2010-01,30373
Australia skill level 1,2010-02,62796
Australia skill level 2,2010-02,20090
Australia skill level 3,2010-02,23795
Australia skill level 4,2010-02,43173
Australia skill level 5,2010-02,29746
Australia skill level 1,2010-03,64244
Australia skill level 2,2010-03,20548
Australia skill level 3,2010-03,24060
Australia skill level 4,2010-03,43266
Australia skill level 5,2010-03,28993
Australia skill level 1,2010-04,65394
Australia skill level 2,2010-04,20772
Australia skill level 3,2010-04,24259
Australia skill level 4,2010-04,43520
Australia skill level 5,2010-04,28464
Australia skill level 1,2010-05,66367
Australia skill level 2,2010-05,20793
Australia skill level 3,2010-05,24521
Australia skill level 4,2010-05,43964
Australia skill level 5,2010-05,28340
Australia skill level 1,2010-06,67444
Australia skill level 2,2010-06,20834
Australia skill level 3,2010-06,24925
Australia skill level 4,2010-06,44636
Australia skill level 5,2010-06,28618
Australia skill level 1,2010-07,68866
Australia skill level 2,2010-07,21042
Australia skill level 3,2010-07,25451
Australia skill level 4,2010-07,45668
Australia skill level 5,2010-07,29110
Australia skill level 1,2010-08,70698
Australia skill level 2,2010-08,21439
Australia skill level 3,2010-08,25992
Australia skill level 4,2010-08,47047
Australia skill level 5,2010-08,29553
Australia skill level 1,2010-09,72736
Australia skill level 2,2010-09,21989
Australia skill level 3,2010-09,26457
Australia skill level 4,2010-09,48703
Australia skill level 5,2010-09,29654
Australia skill level 1,2010-10,74739
Australia skill level 2,2010-10,22576
Australia skill level 3,2010-10,26827
Australia skill level 4,2010-10,50235
Australia skill level 5,2010-10,29408
Australia skill level 1,2010-11,76561
Australia skill level 2,2010-11,23053
Australia skill level 3,2010-11,27099
Australia skill level 4,2010-11,51341
Australia skill level 5,2010-11,29143
Australia skill level 1,2010-12,78047
Australia skill level 2,2010-12,23373
Australia skill level 3,2010-12,27287
Australia skill level 4,2010-12,52023
Australia skill level 5,2010-12,29187
Australia skill level 1,2011-01,79008
Australia skill level 2,2011-01,23573
Australia skill level 3,2011-01,27389
Australia skill level 4,2011-01,52433
Australia skill level 5,2011-01,29571
Australia skill level 1,2011-02,79378
Australia skill level 2,2011-02,23729
Australia skill level 3,2011-02,27428
Australia skill level 4,2011-02,52702
Australia skill level 5,2011-02,30096
Australia skill level 1,2011-03,79135
Australia skill level 2,2011-03,23697
Australia skill level 3,2011-03,27435
Australia skill level 4,2011-03,52639
Australia skill level 5,2011-03,30461
Australia skill level 1,2011-04,78314
Australia skill level 2,2011-04,23519
Australia skill level 3,2011-04,27411
Australia skill level 4,2011-04,52310
Australia skill level 5,2011-04,30568
Australia skill level 1,2011-05,77024
Australia skill level 2,2011-05,23325
Australia skill level 3,2011-05,27312
Australia skill level 4,2011-05,51923
Australia skill level 5,2011-05,30510
Australia skill level 1,2011-06,75451
Australia skill level 2,2011-06,23105
Australia skill level 3,2011-06,27153
Australia skill level 4,2011-06,51486
Australia skill level 5,2011-06,30360
Australia skill level 1,2011-07,73988
Australia skill level 2,2011-07,22833
Australia skill level 3,2011-07,26970
Australia skill level 4,2011-07,50950
Australia skill level 5,2011-07,29974
Australia skill level 1,2011-08,72885
Australia skill level 2,2011-08,22491
Australia skill level 3,2011-08,26783
Australia skill level 4,2011-08,50235
Australia skill level 5,2011-08,29391
Australia skill level 1,2011-09,72230
Australia skill level 2,2011-09,22157
Australia skill level 3,2011-09,26579
Australia skill level 4,2011-09,49488
Australia skill level 5,2011-09,28837
Australia skill level 1,2011-10,71959
Australia skill level 2,2011-10,21822
Australia skill level 3,2011-10,26348
Australia skill level 4,2011-10,48830
Australia skill level 5,2011-10,28403
Australia skill level 1,2011-11,71848
Australia skill level 2,2011-11,21576
Australia skill level 3,2011-11,26136
Australia skill level 4,2011-11,48441
Australia skill level 5,2011-11,28099
Australia skill level 1,2011-12,71644
Australia skill level 2,2011-12,21456
Australia skill level 3,2011-12,25990
Australia skill level 4,2011-12,48327
Australia skill level 5,2011-12,27852
Australia skill level 1,2012-01,71298
Australia skill level 2,2012-01,21338
Australia skill level 3,2012-01,25894
Australia skill level 4,2012-01,48225
Australia skill level 5,2012-01,27573
Australia skill level 1,2012-02,70714
Australia skill level 2,2012-02,21136
Australia skill level 3,2012-02,25757
Australia skill level 4,2012-02,47974
Australia skill level 5,2012-02,27260
Australia skill level 1,2012-03,69761
Australia skill level 2,2012-03,20875
Australia skill level 3,2012-03,25471
Australia skill level 4,2012-03,47503
Australia skill level 5,2012-03,26858
Australia skill level 1,2012-04,68516
Australia skill level 2,2012-04,20441
Australia skill level 3,2012-04,25032
Australia skill level 4,2012-04,46625
Australia skill level 5,2012-04,26298
Australia skill level 1,2012-05,67088
Australia skill level 2,2012-05,19763
Australia skill level 3,2012-05,24490
Australia skill level 4,2012-05,45317
Australia skill level 5,2012-05,25526
Australia skill level 1,2012-06,65550
Australia skill level 2,2012-06,18985
Australia skill level 3,2012-06,23874
Australia skill level 4,2012-06,43955
Australia skill level 5,2012-06,24760
Australia skill level 1,2012-07,63968
Australia skill level 2,2012-07,18364
Australia skill level 3,2012-07,23240
Australia skill level 4,2012-07,42881
Australia skill level 5,2012-07,24197
Australia skill level 1,2012-08,62330
Australia skill level 2,2012-08,17955
Australia skill level 3,2012-08,22640
Australia skill level 4,2012-08,41931
Australia skill level 5,2012-08,23728
Australia skill level 1,2012-09,60673
Australia skill level 2,2012-09,17663
Australia skill level 3,2012-09,22086
Australia skill level 4,2012-09,40854
Australia skill level 5,2012-09,23268
Australia skill level 1,2012-10,58975
Australia skill level 2,2012-10,17351
Australia skill level 3,2012-10,21557
Australia skill level 4,2012-10,39625
Australia skill level 5,2012-10,22731
Australia skill level 1,2012-11,57264
Australia skill level 2,2012-11,16936
Australia skill level 3,2012-11,21022
Australia skill level 4,2012-11,38424
Australia skill level 5,2012-11,22087
Australia skill level 1,2012-12,55690
Australia skill level 2,2012-12,16463
Australia skill level 3,2012-12,20488
Australia skill level 4,2012-12,37490
Australia skill level 5,2012-12,21497
Australia skill level 1,2013-01,54301
Australia skill level 2,2013-01,16044
Australia skill level 3,2013-01,20016
Australia skill level 4,2013-01,36841
Australia skill level 5,2013-01,20981
Australia skill level 1,2013-02,53151
Australia skill level 2,2013-02,15744
Australia skill level 3,2013-02,19667
Australia skill level 4,2013-02,36300
Australia skill level 5,2013-02,20598
Australia skill level 1,2013-03,52309
Australia skill level 2,2013-03,15551
Australia skill level 3,2013-03,19449
Australia skill level 4,2013-03,35764
Australia skill level 5,2013-03,20354
Australia skill level 1,2013-04,51674
Australia skill level 2,2013-04,15508
Australia skill level 3,2013-04,19315
Australia skill level 4,2013-04,35419
Australia skill level 5,2013-04,20242
Australia skill level 1,2013-05,51115
Australia skill level 2,2013-05,15571
Australia skill level 3,2013-05,19224
Australia skill level 4,2013-05,35335
Australia skill level 5,2013-05,20203
Australia skill level 1,2013-06,50614
Australia skill level 2,2013-06,15697
Australia skill level 3,2013-06,19156
Australia skill level 4,2013-06,35379
Australia skill level 5,2013-06,20150
Australia skill level 1,2013-07,50146
Australia skill level 2,2013-07,15795
Australia skill level 3,2013-07,19111
Australia skill level 4,2013-07,35371
Australia skill level 5,2013-07,20088
Australia skill level 1,2013-08,49789
Australia skill level 2,2013-08,15841
Australia skill level 3,2013-08,19117
Australia skill level 4,2013-08,35314
Australia skill level 5,2013-08,20034
Australia skill level 1,2013-09,49667
Australia skill level 2,2013-09,15816
Australia skill level 3,2013-09,19259
Australia skill level 4,2013-09,35231
Australia skill level 5,2013-09,19891
Australia skill level 1,2013-10,49797
Australia skill level 2,2013-10,15838
Australia skill level 3,2013-10,19568
Australia skill level 4,2013-10,35237
Australia skill level 5,2013-10,19705
Australia skill level 1,2013-11,50056
Australia skill level 2,2013-11,16009
Australia skill level 3,2013-11,19983
Australia skill level 4,2013-11,35346
Australia skill level 5,2013-11,19552
Australia skill level 1,2013-12,50375
Australia skill level 2,2013-12,16345
Australia skill level 3,2013-12,20404
Australia skill level 4,2013-12,35601
Australia skill level 5,2013-12,19546
Australia skill level 1,2014-01,50786
Australia skill level 2,2014-01,16694
Australia skill level 3,2014-01,20766
Australia skill level 4,2014-01,35860
Australia skill level 5,2014-01,19645
Australia skill level 1,2014-02,51309
Australia skill level 2,2014-02,16908
Australia skill level 3,2014-02,21040
Australia skill level 4,2014-02,36101
Australia skill level 5,2014-02,19722
Australia skill level 1,2014-03,51928
Australia skill level 2,2014-03,17035
Australia skill level 3,2014-03,21254
Australia skill level 4,2014-03,36459
Australia skill level 5,2014-03,19783
Australia skill level 1,2014-04,52650
Australia skill level 2,2014-04,17151
Australia skill level 3,2014-04,21454
Australia skill level 4,2014-04,36898
Australia skill level 5,2014-04,19906
Australia skill level 1,2014-05,53470
Australia skill level 2,2014-05,17368
Australia skill level 3,2014-05,21690
Australia skill level 4,2014-05,37455
Australia skill level 5,2014-05,20180
Australia skill level 1,2014-06,54272
Australia skill level 2,2014-06,17677
Australia skill level 3,2014-06,21962
Australia skill level 4,2014-06,38005
Australia skill level 5,2014-06,20562
Australia skill level 1,2014-07,54808
Australia skill level 2,2014-07,17978
Australia skill level 3,2014-07,22188
Australia skill level 4,2014-07,38446
Australia skill level 5,2014-07,20910
Australia skill level 1,2014-08,54940
Australia skill level 2,2014-08,18181
Australia skill level 3,2014-08,22279
Australia skill level 4,2014-08,38740
Australia skill level 5,2014-08,21088
Australia skill level 1,2014-09,54673
Australia skill level 2,2014-09,18232
Australia skill level 3,2014-09,22178
Australia skill level 4,2014-09,38845
Australia skill level 5,2014-09,21041
Australia skill level 1,2014-10,54243
Australia skill level 2,2014-10,18230
Australia skill level 3,2014-10,21933
Australia skill level 4,2014-10,38887
Australia skill level 5,2014-10,20873
Australia skill level 1,2014-11,54049
Australia skill level 2,2014-11,18226
Australia skill level 3,2014-11,21675
Australia skill level 4,2014-11,38865
Australia skill level 5,2014-11,20684
Australia skill level 1,2014-12,54229
Australia skill level 2,2014-12,18239
Australia skill level 3,2014-12,21487
Australia skill level 4,2014-12,38912
Australia skill level 5,2014-12,20590
Australia skill level 1,2015-01,54643
Australia skill level 2,2015-01,18359
Australia skill level 3,2015-01,21363
Australia skill level 4,2015-01,39212
Australia skill level 5,2015-01,20680
Australia skill level 1,2015-02,55210
Australia skill level 2,2015-02,18512
Australia skill level 3,2015-02,21291
Australia skill level 4,2015-02,39512
Australia skill level 5,2015-02,20768
Australia skill level 1,2015-03,55813
Australia skill level 2,2015-03,18603
Australia skill level 3,2015-03,21234
Australia skill level 4,2015-03,39490
Australia skill level 5,2015-03,20635
Australia skill level 1,2015-04,56386
Australia skill level 2,2015-04,18630
Australia skill level 3,2015-04,21165
Australia skill level 4,2015-04,39073
Australia skill level 5,2015-04,20099
Australia skill level 1,2015-05,56901
Australia skill level 2,2015-05,18703
Australia skill level 3,2015-05,21114
Australia skill level 4,2015-05,38501
Australia skill level 5,2015-05,19323
Australia skill level 1,2015-06,57410
Australia skill level 2,2015-06,18893
Australia skill level 3,2015-06,21139
Australia skill level 4,2015-06,38172
Australia skill level 5,2015-06,18646
Australia skill level 1,2015-07,58060
Australia skill level 2,2015-07,19120
Australia skill level 3,2015-07,21307
Australia skill level 4,2015-07,38234
Australia skill level 5,2015-07,18344
Australia skill level 1,2015-08,58885
Australia skill level 2,2015-08,19395
Australia skill level 3,2015-08,21624
Australia skill level 4,2015-08,38694
Australia skill level 5,2015-08,18566
Australia skill level 1,2015-09,59715
Australia skill level 2,2015-09,19675
Australia skill level 3,2015-09,22010
Australia skill level 4,2015-09,39310
Australia skill level 5,2015-09,19112
Australia skill level 1,2015-10,60370
Australia skill level 2,2015-10,19875
Australia skill level 3,2015-10,22361
Australia skill level 4,2015-10,39792
Australia skill level 5,2015-10,19671
Australia skill level 1,2015-11,60719
Australia skill level 2,2015-11,19988
Australia skill level 3,2015-11,22600
Australia skill level 4,2015-11,39987
Australia skill level 5,2015-11,20045
Australia skill level 1,2015-12,60797
Australia skill level 2,2015-12,20027
Australia skill level 3,2015-12,22726
Australia skill level 4,2015-12,39799
Australia skill level 5,2015-12,20110
Australia skill level 1,2016-01,60825
Australia skill level 2,2016-01,20043
Australia skill level 3,2016-01,22800
Australia skill level 4,2016-01,39418
Australia skill level 5,2016-01,20007
Australia skill level 1,2016-02,60834
Australia skill level 2,2016-02,20145
Australia skill level 3,2016-02,22877
Australia skill level 4,2016-02,39230
Australia skill level 5,2016-02,19930
Australia skill level 1,2016-03,60844
Australia skill level 2,2016-03,20342
Australia skill level 3,2016-03,23000
Australia skill level 4,2016-03,39357
Australia skill level 5,2016-03,20019
Australia skill level 1,2016-04,60891
Australia skill level 2,2016-04,20541
Australia skill level 3,2016-04,23167
Australia skill level 4,2016-04,39726
Australia skill level 5,2016-04,20302
Australia skill level 1,2016-05,60920
Australia skill level 2,2016-05,20609
Australia skill level 3,2016-05,23304
Australia skill level 4,2016-05,40070
Australia skill level 5,2016-05,20617
Australia skill level 1,2016-06,60892
Australia skill level 2,2016-06,20535
Australia skill level 3,2016-06,23362
Australia skill level 4,2016-06,40234
Australia skill level 5,2016-06,20784
Australia skill level 1,2016-07,60755
Australia skill level 2,2016-07,20393
Australia skill level 3,2016-07,23306
Australia skill level 4,2016-07,40265
Australia skill level 5,2016-07,20734
Australia skill level 1,2016-08,60544
Australia skill level 2,2016-08,20214
Australia skill level 3,2016-08,23144
Australia skill level 4,2016-08,40249
Australia skill level 5,2016-08,20478
Australia skill level 1,2016-09,60363
Australia skill level 2,2016-09,20040
Australia skill level 3,2016-09,22953
Australia skill level 4,2016-09,40245
Australia skill level 5,2016-09,20164
Australia skill level 1,2016-10,60266
Australia skill level 2,2016-10,19836
Australia skill level 3,2016-10,22818
Australia skill level 4,2016-10,40226
Australia skill level 5,2016-10,19840
Australia skill level 1,2016-11,60237
Australia skill level 2,2016-11,19609
Australia skill level 3,2016-11,22805
Australia skill level 4,2016-11,40338
Australia skill level 5,2016-11,19626
Australia skill level 1,2016-12,60273
Australia skill level 2,2016-12,19442
Australia skill level 3,2016-12,22944
Australia skill level 4,2016-12,40529
Australia skill level 5,2016-12,19534
Australia skill level 1,2017-01,60443
Australia skill level 2,2017-01,19431
Australia skill level 3,2017-01,23246
Australia skill level 4,2017-01,40779
Australia skill level 5,2017-01,19546
Australia skill level 1,2017-02,60832
Australia skill level 2,2017-02,19604
Australia skill level 3,2017-02,23686
Australia skill level 4,2017-02,41134
Australia skill level 5,2017-02,19732
Australia skill level 1,2017-03,61484
Australia skill level 2,2017-03,19930
Australia skill level 3,2017-03,24196
Australia skill level 4,2017-03,41747
Australia skill level 5,2017-03,20072
Australia skill level 1,2017-04,62281
Australia skill level 2,2017-04,20317
Australia skill level 3,2017-04,24705
Australia skill level 4,2017-04,42595
Australia skill level 5,2017-04,20481
Australia skill level 1,2017-05,63156
Australia skill level 2,2017-05,20656
Australia skill level 3,2017-05,25140
Australia skill level 4,2017-05,43439
Australia skill level 5,2017-05,20829
Australia skill level 1,2017-06,64067
Australia skill level 2,2017-06,20852
Australia skill level 3,2017-06,25458
Australia skill level 4,2017-06,43978
Australia skill level 5,2017-06,20953
Australia skill level 1,2017-07,64891
Australia skill level 2,2017-07,20900
Australia skill level 3,2017-07,25658
Australia skill level 4,2017-07,44045
Australia skill level 5,2017-07,20810
Australia skill level 1,2017-08,65495
Australia skill level 2,2017-08,20882
Australia skill level 3,2017-08,25762
Australia skill level 4,2017-08,43822
Australia skill level 5,2017-08,20494
Australia skill level 1,2017-09,65852
Australia skill level 2,2017-09,20834
Australia skill level 3,2017-09,25782
Australia skill level 4,2017-09,43565
Australia skill level 5,2017-09,20216
Australia skill level 1,2017-10,66103
Australia skill level 2,2017-10,20793
Australia skill level 3,2017-10,25779
Australia skill level 4,2017-10,43358
Australia skill level 5,2017-10,20054
Australia skill level 1,2017-11,66432
Australia skill level 2,2017-11,20794
Australia skill level 3,2017-11,25853
Australia skill level 4,2017-11,43233
Australia skill level 5,2017-11,19959
Australia skill level 1,2017-12,66999
Australia skill level 2,2017-12,20924
Australia skill level 3,2017-12,26064
Australia skill level 4,2017-12,43475
Australia skill level 5,2017-12,19957
Australia skill level 1,2018-01,67847
Australia skill level 2,2018-01,21190
Australia skill level 3,2018-01,26385
Australia skill level 4,2018-01,44286
Australia skill level 5,2018-01,20058
Australia skill level 1,2018-02,68866
Australia skill level 2,2018-02,21555
Australia skill level 3,2018-02,26708
Australia skill level 4,2018-02,45462
Australia skill level 5,2018-02,20204
Australia skill level 1,2018-03,69920
Australia skill level 2,2018-03,21847
Australia skill level 3,2018-03,26977
Australia skill level 4,2018-03,46426
Australia skill level 5,2018-03,20242
Australia skill level 1,2018-04,70757
Australia skill level 2,2018-04,21954
Australia skill level 3,2018-04,27138
Australia skill level 4,2018-04,46698
Australia skill level 5,2018-04,20088
Australia skill level 1,2018-05,71127
Australia skill level 2,2018-05,21899
Australia skill level 3,2018-05,27152
Australia skill level 4,2018-05,46404
Australia skill level 5,2018-05,19847
Australia skill level 1,2018-06,70952
Australia skill level 2,2018-06,21797
Australia skill level 3,2018-06,27025
Australia skill level 4,2018-06,46039
Australia skill level 5,2018-06,19680
Australia skill level 1,2018-07,70388
Australia skill level 2,2018-07,21660
Australia skill level 3,2018-07,26771
Australia skill level 4,2018-07,45809
Australia skill level 5,2018-07,19558
Australia skill level 1,2018-08,69805
Australia skill level 2,2018-08,21443
Australia skill level 3,2018-08,26480
Australia skill level 4,2018-08,45601
Australia skill level 5,2018-08,19329
Australia skill level 1,2018-09,69551
Australia skill level 2,2018-09,21083
Australia skill level 3,2018-09,26238
Australia skill level 4,2018-09,45032
Australia skill level 5,2018-09,18820
Australia skill level 1,2018-10,69659
Australia skill level 2,2018-10,20790
Australia skill level 3,2018-10,26061
Australia skill level 4,2018-10,44383
Australia skill level 5,2018-10,18274
Australia skill level 1,2018-11,69972
Australia skill level 2,2018-11,20767
Australia skill level 3,2018-11,25885
Australia skill level 4,2018-11,44172
Australia skill level 5,2018-11,18025
Australia skill level 1,2018-12,70380
Australia skill level 2,2018-12,20904
Australia skill level 3,2018-12,25715
Australia skill level 4,2018-12,44446
Australia skill level 5,2018-12,18095
Australia skill level 1,2019-01,70694
Australia skill level 2,2019-01,20906
Australia skill level 3,2019-01,25552
Australia skill level 4,2019-01,44680
Australia skill level 5,2019-01,18175
Australia skill level 1,2019-02,70820
Australia skill level 2,2019-02,20667
Australia skill level 3,2019-02,25414
Australia skill level 4,2019-02,44514
Australia skill level 5,2019-02,18022
Australia skill level 1,2019-03,70677
Australia skill level 2,2019-03,20298
Australia skill level 3,2019-03,25255
Australia skill level 4,2019-03,43912
Australia skill level 5,2019-03,17635
Australia skill level 1,2019-04,70300
Australia skill level 2,2019-04,19995
Australia skill level 3,2019-04,25076
Australia skill level 4,2019-04,43248
Australia skill level 5,2019-04,17282
Australia skill level 1,2019-05,69820
Australia skill level 2,2019-05,19862
Australia skill level 3,2019-05,24919
Australia skill level 4,2019-05,42832
Australia skill level 5,2019-05,17121
Australia skill level 1,2019-06,69218
Australia skill level 2,2019-06,19844
Australia skill level 3,2019-06,24738
Australia skill level 4,2019-06,42792
Australia skill level 5,2019-06,17173
Australia skill level 1,2019-07,68489
Australia skill level 2,2019-07,19770
Australia skill level 3,2019-07,24534
Australia skill level 4,2019-07,42765
Australia skill level 5,2019-07,17183
Australia skill level 1,2019-08,67636
Australia skill level 2,2019-08,19509
Australia skill level 3,2019-08,24274
Australia skill level 4,2019-08,42305
Australia skill level 5,2019-08,16951
Australia skill level 1,2019-09,66624
Australia skill level 2,2019-09,19154
Australia skill level 3,2019-09,23901
Australia skill level 4,2019-09,41620
Australia skill level 5,2019-09,16558
Australia skill level 1,2019-10,65393
Australia skill level 2,2019-10,18680
Australia skill level 3,2019-10,23320
Australia skill level 4,2019-10,40751
Australia skill level 5,2019-10,16085
Australia skill level 1,2019-11,63730
Australia skill level 2,2019-11,18026
Australia skill level 3,2019-11,22438
Australia skill level 4,2019-11,39556
Australia skill level 5,2019-11,15554
Australia skill level 1,2019-12,61260
Australia skill level 2,2019-12,17086
Australia skill level 3,2019-12,21189
Australia skill level 4,2019-12,37783
Australia skill level 5,2019-12,14904
Australia skill level 1,2020-01,57868
Australia skill level 2,2020-01,15788
Australia skill level 3,2020-01,19656
Australia skill level 4,2020-01,35177
Australia skill level 5,2020-01,14037
Australia skill level 1,2020-02,53906
Australia skill level 2,2020-02,14203
Australia skill level 3,2020-02,18106
Australia skill level 4,2020-02,31983
Australia skill level 5,2020-02,13023
Australia skill level 1,2020-03,50033
Australia skill level 2,2020-03,12609
Australia skill level 3,2020-03,16846
Australia skill level 4,2020-03,29056
Australia skill level 5,2020-03,12167
Australia skill level 1,2020-04,47165
Australia skill level 2,2020-04,11488
Australia skill level 3,2020-04,16176
Australia skill level 4,2020-04,27659
Australia skill level 5,2020-04,11904
Australia skill level 1,2020-05,45968
Australia skill level 2,2020-05,11107
Australia skill level 3,2020-05,16260
Australia skill level 4,2020-05,28168
Australia skill level 5,2020-05,12331
Australia skill level 1,2020-06,46671
Australia skill level 2,2020-06,11409
Australia skill level 3,2020-06,17147
Australia skill level 4,2020-06,29969
Australia skill level 5,2020-06,13252
Australia skill level 1,2020-07,49074
Australia skill level 2,2020-07,12247
Australia skill level 3,2020-07,18651
Australia skill level 4,2020-07,32377
Australia skill level 5,2020-07,14513
Australia skill level 1,2020-08,52466
Australia skill level 2,2020-08,13452
Australia skill level 3,2020-08,20463
Australia skill level 4,2020-08,35054
Australia skill level 5,2020-08,16032
Australia skill level 1,2020-09,56062
Australia skill level 2,2020-09,14932
Australia skill level 3,2020-09,22312
Australia skill level 4,2020-09,38119
Australia skill level 5,2020-09,17820
Australia skill level 1,2020-10,59558
Australia skill level 2,2020-10,16465
Australia skill level 3,2020-10,24083
Australia skill level 4,2020-10,41489
Australia skill level 5,2020-10,19675
Australia skill level 1,2020-11,63072
Australia skill level 2,2020-11,17805
Australia skill level 3,2020-11,25809
Australia skill level 4,2020-11,44726
Australia skill level 5,2020-11,21238
Australia skill level 1,2020-12,66806
Australia skill level 2,2020-12,19008
Australia skill level 3,2020-12,27536
Australia skill level 4,2020-12,47752
Australia skill level 5,2020-12,22533
Australia skill level 1,2021-01,70855
Australia skill level 2,2021-01,20246
Australia skill level 3,2021-01,29261
Australia skill level 4,2021-01,50837
Australia skill level 5,2021-01,23886
Australia skill level 1,2021-02,75131
Australia skill level 2,2021-02,21656
Australia skill level 3,2021-02,30853
Australia skill level 4,2021-02,54357
Australia skill level 5,2021-02,25610
Australia skill level 1,2021-03,79153
Australia skill level 2,2021-03,23099
Australia skill level 3,2021-03,32157
Australia skill level 4,2021-03,57922
Australia skill level 5,2021-03,27450
Australia skill level 1,2021-04,82435
Australia skill level 2,2021-04,24242
Australia skill level 3,2021-04,32985
Australia skill level 4,2021-04,60376
Australia skill level 5,2021-04,28706
Australia skill level 1,2021-05,84727
Australia skill level 2,2021-05,24794
Australia skill level 3,2021-05,33285
Australia skill level 4,2021-05,60975
Australia skill level 5,2021-05,29008
Australia skill level 1,2021-06,86227
Australia skill level 2,2021-06,24763
Australia skill level 3,2021-06,33240
Australia skill level 4,2021-06,59920
Australia skill level 5,2021-06,28484
Australia skill level 1,2021-07,87163
Australia skill level 2,2021-07,24575
Australia skill level 3,2021-07,33148
Australia skill level 4,2021-07,58870
Australia skill level 5,2021-07,28118
Australia skill level 1,2021-08,87892
Australia skill level 2,2021-08,24690
Australia skill level 3,2021-08,33322
Australia skill level 4,2021-08,59541
Australia skill level 5,2021-08,28822
Australia skill level 1,2021-09,88794
Australia skill level 2,2021-09,25146
Australia skill level 3,2021-09,33942
Australia skill level 4,2021-09,62034
Australia skill level 5,2021-09,30591
Australia skill level 1,2021-10,89933
Australia skill level 2,2021-10,25814
Australia skill level 3,2021-10,35035
Australia skill level 4,2021-10,65361
Australia skill level 5,2021-10,32801
Australia skill level 1,2021-11,91166
Australia skill level 2,2021-11,26434
Australia skill level 3,2021-11,36423
Australia skill level 4,2021-11,68225
Australia skill level 5,2021-11,34647
Australia skill level 1,2021-12,92489
Australia skill level 2,2021-12,26980
Australia skill level 3,2021-12,37871
Australia skill level 4,2021-12,70193
Australia skill level 5,2021-12,35826
Australia skill level 1,2022-01,94028
Australia skill level 2,2022-01,27600
Australia skill level 3,2022-01,39239
Australia skill level 4,2022-01,71799
Australia skill level 5,2022-01,36634
Australia skill level 1,2022-02,95743
Australia skill level 2,2022-02,28376
Australia skill level 3,2022-02,40431
Australia skill level 4,2022-02,73562
Australia skill level 5,2022-02,37433
Australia skill level 1,2022-03,97692
Australia skill level 2,2022-03,29423
Australia skill level 3,2022-03,41435
Australia skill level 4,2022-03,76119
Australia skill level 5,2022-03,38593
Australia skill level 1,2022-04,99591
Australia skill level 2,2022-04,30452
Australia skill level 3,2022-04,42210
Australia skill level 4,2022-04,78690
Australia skill level 5,2022-04,39815
Australia skill level 1,2022-05,101009
Australia skill level 2,2022-05,31264
Australia skill level 3,2022-05,42708
Australia skill level 4,2022-05,80716
Australia skill level 5,2022-05,40753
Australia skill level 1,2022-06,101721
Australia skill level 2,2022-06,31684
Australia skill level 3,2022-06,42804
Australia skill level 4,2022-06,81770
Australia skill level 5,2022-06,40990
Australia skill level 1,2022-07,101772
Australia skill level 2,2022-07,31617
Australia skill level 3,2022-07,42497
Australia skill level 4,2022-07,81703
Australia skill level 5,2022-07,40373
Australia skill level 1,2022-08,101389
Australia skill level 2,2022-08,31141
Australia skill level 3,2022-08,41901
Australia skill level 4,2022-08,80571
Australia skill level 5,2022-08,39012
Australia skill level 1,2022-09,100792
Australia skill level 2,2022-09,30411
Australia skill level 3,2022-09,41184
Australia skill level 4,2022-09,78558
Australia skill level 5,2022-09,37195
Australia skill level 1,2022-10,100273
Australia skill level 2,2022-10,29785
Australia skill level 3,2022-10,40519
Australia skill level 4,2022-10,76217
Australia skill level 5,2022-10,35427
Australia skill level 1,2022-11,100227
Australia skill level 2,2022-11,29557
Australia skill level 3,2022-11,40148
Australia skill level 4,2022-11,74436
Australia skill level 5,2022-11,34217
Australia skill level 1,2022-12,100844
Australia skill level 2,2022-12,29603
Australia skill level 3,2022-12,40232
Australia skill level 4,2022-12,73463
Australia skill level 5,2022-12,33477
Australia skill level 1,2023-01,101966
Australia skill level 2,2023-01,29907
Australia skill level 3,2023-01,40654
Australia skill level 4,2023-01,73539
Australia skill level 5,2023-01,33123
Australia skill level 1,2023-02,103313
Australia skill level 2,2023-02,30280
Australia skill level 3,2023-02,41210
Australia skill level 4,2023-02,74043
Australia skill level 5,2023-02,32859
Australia skill level 1,2023-03,104714
Australia skill level 2,2023-03,30534
Australia skill level 3,2023-03,41743
Australia skill level 4,2023-03,74219
Australia skill level 5,2023-03,32415
Australia skill level 1,2023-04,105876
Australia skill level 2,2023-04,30574
Australia skill level 3,2023-04,42105
Australia skill level 4,2023-04,73890
Australia skill level 5,2023-04,31704
Australia skill level 1,2023-05,106585
Australia skill level 2,2023-05,30550
Australia skill level 3,2023-05,42217
Australia skill level 4,2023-05,73500
Australia skill level 5,2023-05,31019
Australia skill level 1,2023-06,106514
Australia skill level 2,2023-06,30514
Australia skill level 3,2023-06,42041
Australia skill level 4,2023-06,73276
Australia skill level 5,2023-06,30577
Australia skill level 1,2023-07,105700
Australia skill level 2,2023-07,30309
Australia skill level 3,2023-07,41650
Australia skill level 4,2023-07,72701
Australia skill level 5,2023-07,30107
Australia skill level 1,2023-08,104324
Australia skill level 2,2023-08,29857
Australia skill level 3,2023-08,41131
Australia skill level 4,2023-08,71260
Australia skill level 5,2023-08,29364
Australia skill level 1,2023-09,102582
Australia skill level 2,2023-09,29295
Australia skill level 3,2023-09,40564
Australia skill level 4,2023-09,69195
Australia skill level 5,2023-09,28302
Australia skill level 1,2023-10,100615
Australia skill level 2,2023-10,28687
Australia skill level 3,2023-10,40009
Australia skill level 4,2023-10,67211
Australia skill level 5,2023-10,27184
Australia skill level 1,2023-11,98510
Australia skill level 2,2023-11,28231
Australia skill level 3,2023-11,39438
Australia skill level 4,2023-11,65958
Australia skill level 5,2023-11,26479
Australia skill level 1,2023-12,96384
Australia skill level 2,2023-12,28009
Australia skill level 3,2023-12,38844
Australia skill level 4,2023-12,65506
Australia skill level 5,2023-12,26327
Australia skill level 1,2024-01,94355
Australia skill level 2,2024-01,27804
Australia skill level 3,2024-01,38290
Australia skill level 4,2024-01,65072
Australia skill level 5,2024-01,26350
Australia skill level 1,2024-02,92401
Australia skill level 2,2024-02,27578
Australia skill level 3,2024-02,37756
Australia skill level 4,2024-02,64289
Australia skill level 5,2024-02,26190
Australia skill level 1,2024-03,90427
Australia skill level 2,2024-03,27313
Australia skill level 3,2024-03,37160
Australia skill level 4,2024-03,63079
Australia skill level 5,2024-03,25777
Australia skill level 1,2024-04,88548
Australia skill level 2,2024-04,26889
Australia skill level 3,2024-04,36608
Australia skill level 4,2024-04,61511
Australia skill level 5,2024-04,25244
Australia skill level 1,2024-05,87019
Australia skill level 2,2024-05,26281
Australia skill level 3,2024-05,36236
Australia skill level 4,2024-05,59754
Australia skill level 5,2024-05,24691
Australia skill level 1,2024-06,85979
Australia skill level 2,2024-06,25773
Australia skill level 3,2024-06,36147
Australia skill level 4,2024-06,58486
Australia skill level 5,2024-06,24423
Australia skill level 1,2024-07,85471
Australia skill level 2,2024-07,25703
Australia skill level 3,2024-07,36289
Australia skill level 4,2024-07,58310
Australia skill level 5,2024-07,24578
Australia skill level 1,2024-08,85495
Australia skill level 2,2024-08,26069
Australia skill level 3,2024-08,36541
Australia skill level 4,2024-08,59216
Australia skill level 5,2024-08,25109
